rsID,chr,hg38_position,effect_allele,other_allele,weight
rs12044597,1,1777362,A,G,-0.0143
rs4648459,1,2781170,T,G,-0.0125
rs6577584,1,6655330,T,G,-0.0131
rs1891215,1,7667794,T,C,-0.0117
rs11121210,1,8648470,T,C,-0.0108
rs284262,1,10683306,T,C,0.0099
rs10779751,1,11224279,A,G,0.0139
rs12759296,1,15554742,T,G,0.0104
rs761423,1,16975177,T,C,0.0113
rs309539,1,22948455,T,C,0.0126
rs6692586,1,22973413,A,G,0.0192
rs12032291,1,31663440,A,G,0.0119
rs10914471,1,31712335,T,C,-0.0123
rs12027258,1,32849278,T,C,0.0159
rs6682438,1,33318545,T,C,-0.012
rs705217,1,34115871,T,G,0.0102
rs7544462,1,37497155,A,C,-0.0183
rs4660165,1,39112860,A,G,-0.0163
rs599823,1,39431599,T,C,0.0189
rs11206436,1,39612775,T,C,0.0166
rs7515635,1,41942399,T,C,0.0091
rs946526,1,46021496,T,C,-0.0314
rs1707322,1,46039475,A,G,-0.0128
rs977747,1,47219005,T,G,0.0169
rs4926757,1,48783932,A,G,0.0118
rs657452,1,49124175,A,G,0.0188
rs4421632,1,49853525,A,G,-0.0194
rs4926853,1,50243550,A,G,0.0119
rs3766430,1,54264978,T,C,-0.0113
rs17424278,1,57380722,A,C,-0.017
rs2481665,1,62129005,T,C,0.0161
rs7542665,1,62207365,T,C,0.0109
rs7518849,1,65483108,T,C,-0.0227
rs6588169,1,65869635,T,C,0.0137
rs2503185,1,65995718,A,G,0.0123
rs2554414,1,71980481,A,G,0.0122
rs975480,1,72052245,A,G,0.0185
rs1993709,1,72372846,A,G,-0.0331
rs17615090,1,72763525,A,G,0.0127
rs12042908,1,74532078,A,G,0.0184
rs10789399,1,74658067,T,C,0.0111
rs17378915,1,77338557,A,G,-0.0176
rs12042177,1,77520953,A,G,-0.0238
rs4130548,1,77998184,T,C,-0.0168
rs812097,1,78100550,A,G,0.0155
rs12752083,1,78387513,A,G,-0.0123
rs12077324,1,78559003,T,C,-0.0108
rs12065553,1,80327433,A,G,-0.0115
rs9438724,1,81972464,A,C,-0.0149
rs818524,1,84735545,T,C,-0.0106
rs4970712,1,92527990,A,C,0.0139
rs1361739,1,95824178,A,G,-0.0176
rs1144305,1,96041174,A,C,0.0119
rs12130426,1,96137479,T,C,0.0134
rs1973993,1,96478438,T,C,-0.0208
rs1116866,1,96511279,T,C,-0.0191
rs7513314,1,96737300,T,C,-0.0155
rs12068195,1,96826222,A,G,0.0227
rs2811219,1,97561245,A,G,-0.0116
rs6677116,1,97871727,A,G,0.0134
rs9435341,1,107074019,T,C,0.0119
rs12066815,1,107340421,A,G,-0.0142
rs17531363,1,107434453,A,C,0.0133
rs17586966,1,109412947,T,C,-0.0247
rs2039694,1,109449078,A,G,0.0106
rs17024393,1,109612066,T,C,-0.0633
rs12033257,1,111775862,A,G,0.0146
rs4140445,1,114749357,T,C,0.0103
rs7534091,1,118321993,A,G,-0.0113
rs10923720,1,118999256,T,C,0.0103
rs6587552,1,151046385,A,G,0.0173
rs905938,1,155018913,T,C,-0.0149
rs11577179,1,156013919,A,G,-0.0108
rs2274317,1,156477111,T,C,-0.0123
rs10733051,1,167311117,A,G,0.0097
rs235493,1,171582362,T,C,0.0129
rs12564992,1,174508962,A,G,-0.0196
rs10489330,1,175015749,A,G,0.0154
rs11581304,1,177414307,T,C,-0.0182
rs3922649,1,177797481,A,G,0.013
rs16852055,1,177876522,A,G,0.0163
rs543874,1,177920345,A,G,-0.0475
rs842192,1,177946339,A,C,-0.0137
rs10913473,1,177963228,T,C,-0.0133
rs3813654,1,177970605,T,C,-0.0174
rs11589503,1,177977556,A,C,-0.0221
rs4147158,1,178012097,T,C,-0.0155
rs12023026,1,190078470,T,C,0.0245
rs10920678,1,190270777,A,G,0.0155
rs814953,1,190553846,T,G,0.0147
rs2489676,1,190835500,T,G,-0.01
rs645482,1,191417509,A,G,0.0109
rs339591,1,194941253,A,G,0.011
rs12041258,1,195078806,T,C,0.0146
rs1009188,1,197287960,T,C,0.0129
rs481530,1,201794784,T,C,-0.012
rs2820311,1,201872348,A,G,-0.0235
rs12741036,1,202109689,A,G,-0.01
rs16849710,1,202137669,A,G,0.0116
rs823074,1,205805711,T,C,0.0112
rs11119208,1,209038623,A,G,0.0095
rs17014375,1,209370215,T,G,-0.0172
rs7549696,1,209904260,A,G,-0.0104
rs11118308,1,219460527,A,G,0.0101
rs11584996,1,225535119,A,C,0.0117
rs2615075,1,225746593,A,G,-0.0106
rs2210612,1,242825855,T,C,-0.0132
rs12042959,1,243369971,A,G,0.0144
rs946824,1,243520717,T,C,0.0206